0,rppsrppssrsssppsspsrspprrrrrrrrpppssppsrpsprssspppprrrpsprprspsprrprspsprppspsrsrspsrspsprrrrppsrpsrprrrprprsrssrpppprpssspprpssrpspsspspsrprrsrssprrrspprrrppspsssrrrrsrrspssrsssspprsppsssrrpsssrrsrrprprppssrsprsrssssrrsprsrrpsprsrrrrprsssrpppsrrrpppprpsrsrsrsprsrrpssspprpprsrsrspsrprsrpsrsrspsspssp
1,ssrsrspprssrpprpsprspspsssssrprsrrssrrrpsrrprsrpprpprppssrrpprspspssrprssrprrprsrssrrsspprsrrsrpprrrssprrrsprpppsspsppssrssrrrpspsrsspprprsspsppsprrpsssprrrrssspsprppprppprsppppsprpsssppsrsrrpppssrpsppsrpppsppprrpspsrrrrrrprpssrrrrpsrsrpppssrppssssppsprrpsppsppsprpsrrpsrrprpsrsspssrsssrsrrrppsprssrs
2,rrrpsppsrpprppsppsrrpprrrppprpppprsppppsrrsppppsprpprpprpsrrssprprrsssrpsrprprssrpsssssrpsprssrprppprpppspsrsrppssprspsprppsrrsrrpspsrsppsssrrprrsspsssrsrrsrpprspprsrrrrspppprsppsprpprrprpspsrrssssrrsrsppprsssrprsrspprsprsrpsprppsrssprppsssppspsrsprsprrspssssrrrrrsrpsspspsrpsrrssrrpsrpprprpssrpppspr
3,sprsprpsrpsprsprpsrpsrpsprpsrpsrpsprsprpsrpsprsprpsrpsprpsrpsprprpsrsprrpsprpsprsprpsrpsprsprpsprpsrpsprsprsprsprsprpsrpspsrpsprsprpsrpsrpsrpsprsprpsrpsprpsrpsprpsrsprsprpprsprsprsprpsrpsprsprpsrpsrpsprpsrpsrpsprsprpsrpsprsprpsrpsprpsrpsprprpsrsprrpsprpsprsprpsrpsprssrspprpsprpsrpsprsprsprsprsprpsrp
4,rpsprsprpspprsprpsprpsrpsprpsprpsprpsrpsprpsprpsrpsprsprpsprpsprpsrpsprsprsprpprpspsprsprprpsprsprsprpsrpsprpsrpsprsppprspsprsprpsrpsprsprpsrpsprsprsprpsrpsprsprpsrpsprsprpsrpsrpsprpsprsprpsrpsprsprsprpsrpsprsprpsrpsprpsrpsrpsprpsrpsprsprpsrpsprpsrpsprsprpsprsprpsprpsprsprpsprsprsprpsrpsrpsprpsrpsrp
5,rpprprppppprrssssprprprpsprpsppspsrprpsrpsprspprprprprprprprprprpspspspsprprprprpspsssssssssssrprprprpprprsprpsspspspspppprprrrrrpprpspsrprpsrpsrpspsrprprprprprpspspsppsrpprpsrpsprsprpsrpsrpsrpspprrprpsppsrpsrpsprsprsprpsprpspsrprprprprprsprpsrpsprsprpsrpsprsprpsrprprprppsrpsrpsrsprpsrpsrpsprprrrrrs
6,rsrprspppprpspsprsssrrrprssspprsrrprrpprrsprrprpsrprpprssssrpspprpspprrppprpsrppprrrpsrprsrsrsspsrppsprrrprpsrsprssrrssprsrppsrrrpppsprsprrrsprsrpsrssrppppprpsrrrpsssprprpppsrrrssrsrspsprpsrsrssssrsrrprpsrpsrsspsrrrrrpsrrsrssspprrppsrrspsprrprpprrpsrrrssrsppprrrpsrrssssrsrsppsrrrprrspppsrrrsppsrrrrs
7,pprprpsrpppssspsprprsspprssspsprsrpspppsprsppssspsrpsppppsspssrsrsrspspppsrssrrpssprrpsspsprprrsprrsspsprrrspsprrrsrsrspprprpsprsppprsrrpppssrpsrsrrspsrrpprppppsssrrsrrrrrsprrsrprprrsrpprrrspprrrrpppssssprprrrsssrpsrrppspsprpprrrprrrrprppsssppsssppspssprsrrpsrppprsspssrrrssssrprrsrssrrrrpsrrrrpsrppr
8,rssrsrrspssprspsrpsrprspsrprsprspsrpsrpsrpsrpsrpsrprprsprsprprpprprprppspspspsspsprprprsrpsrsrsrsrsrpspspsspsrsrpsrpsrrsrsprssrpprspsrpspsrpsrpsrprsprssrprspsrrsppsrrpsrpsrsprsrpsprsrpsrspsrpsrpsrpsrsprsprsrsprsrsrsrpspsrpsrpsrspsrpspsrpsrsprpspssprsprsrsprspsrpsrpsrpsrpsrpsrpsrsrsrsrpsprspspsprsprs
9,rrrpssrrrrppssppsspppsppsprssrsrrpspsrrpprrssrpprsppsrprrprrrpsrrrsrrrpprssrsrrpsprssrssrsssrrprsssspssrsrrsprsrrpsspprsspsspssprsrsrsrrrrrprrpppssssppsrrsrpsrsrpprrsrrssprrprssrppspprprrrrppprppssrssrrrrrrsssppsrrspsspsrrsspprrrpsrssrrprrrrprrprsrspsssrrrsrrssrspppppssprsppssprrrrrpprspprpssssrrspr
10,rpspssssspsrpprprrspssrsrsprssprprspsprrpsrssspprrrppprprrrrssprrrpspspssrrsssrrrssrprprsprpsprsrssrspspsrssspssprppspsrrsprrrrrrprrsspsrssrrpprspsspsrprsssrsppsppspsprsprrssprrpsprsrrrrpppssprrppprrrrrspssrrsssppsprsrsrsrprpppprssrrsrpsspsppsssrrspprrsprssrpspprrrpsrrrppsppppsrpprpsspprpsprspsrpsrr
11,ppprprssprsssrpprsprprpspsrsssrpppsrprpsspsssprsppsrsspsssssppprpsssssppspssprssrpsprsrppspssppssrssprpprrsprsrrspssppppprppprpsrrpsppprspprrrpprsrspppsrppppprrprpsprsspprssspsppsrsrrspprrsppspsrrprrrsrsrrrpsppsrssrprrppsssprrspsrpsprpsrrpprssprppprpspppprpssrrprrssrrrsrppsrpsrssppsrsrpprsrpprprrsrr
12,psssprprrrpprsrpprssrprspprsprssrprrrrrprspspsppsrsprppsprsrsspsrrprspprrrrssrsrrrppssprpsrsppprssprpsrprppsrpsrprprpppsspppprssrsprspsrrrsrssrrrsrrpssrrpprrppssppspsrpsssssppsspsspssrssssssprppsssprspspspprprprrrpsppprrspppspsrpprpppsppsprprpspprpssssrpprrpsspsprrrsrrrssrprrrrsprpppsspppssprrpprrsp
13,rsprsrrprppsspssrrppppppspssrrrspprspsppssrppsprprssrsrrpsssrpprrrrsssrssrssspprspppspsrprsrsppprrspprrsrspspprrrpsspssrsppsrrrpspsrssrrsrsssrppsrsrspsprrrppprpssppssprpsrsrsspsprrrspsssspssspprssssrpppsprrrpppssrrrrsppsssrsssprpspssssprspssrsprrrsrrrpsssrspprsrrspsrpsprspssssppssssrrrrpprssspsrrrpr
14,ssrsssppssprppsrpprrrrsppspppspsppsrrrspprspppspsssrssrsrrsrpprsprprrspppprrrsrssrrppsrsppsprpsprsprppprrrpspprpsrpspssrssrpsrrrpsspsrrpsspssppprsrrssprpprprrppprrpsspssrpppssspspsppspsrsrsssrrssrssrrppsssprrpsssrpprsrsprppsrrssspspsrpsrpprprrrssrrrrsrrssrrsrpprsrssrspsrpprspspprsrrsrrprprppssrrpprr
15,sprpsrpsrpsrpsrpsprsprpsrpsrpsprsprsprsprsprsprsprsprpsrpsrpsrpsrpsprsprsprsprsprpsrpsrpsrpsrpsrpsprsprsprpsrpsrpsrpsprsprsprpsrpsrpsprsprpsrpsprsprpsrpsrpsprsprsprsprpsrpsprsprpsrpsrpsprpsrpsprpsrpsprpsprpsprpsprpsrpsprpsprpsprsprpsrpsprpsprsprpsrpsprspprspsrpsrpsprsprpsprsprpsrpsprpsrpsprpsrpsrpsp
16,srsspssssrprrrrssrpsssrpppspppsrrppspssprspprssprssrpssspsrssrsppsssrrpppprrprrsprsspprrrrrrrprprrprsrpsprssppprrsssspprsrrrssprsppsrprrssrsspssrsrrrrsssrrprprrrpsppppprrppsrpspsprpppprssppprsrrpprppssspssprrprpsrpsrpsrssprprpppsssssrsssrrrsprrpsppsrrprrrrspspsrsrsrssrppsrrrprrpspprrsrrssrpppsprssrp
17,ppprssrrsprsprrsssrssrrsrprspspppprsspssspppsprrssprppprpppsrprsspssrrsrsrsrpprssspssrpprrprrrpsssrrrsrspppprssrssrprrsrprssssrrpppppsrppssssprpprssrpssrsrsrpssrspssrrrrpprsrssssppprrsprrrrssppsrpprsrppprssrrsrrsprpspssrpssrssspsrspsrrsrrprrppprpprpprpppprrpppsrssssprrssrpssrrsrrrrrsprprpsprprspsspp
18,sspssssprpssssssrssprrpppspppsprprrprppsrsppppsssrrsrrrspssrpprppprsrssssrprprpsrssprrpprsrpsprrpssprprppsppsrrrspsrspppspsssrrspsrprpsspsrprprrrpssrprrpsrssprssrrpssspsrrrsprrpsrrpsrpprssspsrrrrsrsrsssssrrrsspspprrppssprpssrrsrrpssppssrrrpsrspppsrpsprsprsprprssssrsprssrrrrrrsspspsspsrpsrsrprrpprsps
19,srpsrrpprsprpsprspsrpsrpsrpsrpsrpsrpsrpsrprprpsrprspsrsprpsrpsrpsrpsrpsrpsrpsrpsrpsprsprprrrrrprprprprpprprprprpsrpsprsprpsrpsrpsrpsprsprsprpsrpsrpsprsprpsrpsprsprpsrspsspsrrpsrpsprsprsprpsrpsprpsrpsrpsrsprpsprspsprsprpsrpsprspsprsprpsrpsrpsrprsprspsprsprpsrpsprsprpsrpsrpsrpprprprprprprprpsrprspspsp
20,prrrrrpsprprpsssssrsssrsrrrpsspspsppprppsrrsrrrppsrrrspsprssrsspsrrrrsprprrrpppprpppppprrsrrrppppssrrrprsprprrsrpssrrsppppsrssspppspsrsppppsssrrrsrspprrrppsrpprrsrrsrssssppssrppsssrrppprppsprpspppssppsrpsssppprrprrpsspppsrpspprsprsrppspsrpppsprrprspssrrprrprrrrspsrrspppprrssprssrssrrrspspppsprssspps
21,prprppsrrrrrsprppppprssprpprsppprpssppprrrsspsprpsrprrpspsrpsrspssrrprspspsssrrppprspprsprrpprrprprsppssssspsprsrpprsrsrprpspspppssprrprrspspppsspsrrspssrpprsppsprsrpsprspsprprspprppspsrppspppprrrrrpspsrpsspsrssrrrssspspprssppppprrsppsprrsspprrpsspprrsrpppprssssspprrsrrsspspprssprrspppssrsssrrsrssps
22,rsrppsprspssrpsrprrspsrpsppssrrspsrrssrpprsspspprrprrssspprrsrssprrrsrsrpsrpsrprpsrrprprsrrprrsspspsrsrsprrpprspssssrsrsrsprrrsppppssppsrsrsrsrsprrssrprssrprrssprsrrppsrrspsprprrpsrprrprprspsssrrsspsrpppsrspprrssrppppprssrrprpppppprrrrrrrpprsssssspprsrpspsrpspsrsrrppspprrsprspsspsrrpprspspssrprrrrsp
23,sprprspsrprsprspsrprsprsprprspsrprpsrprpsrpsprsprsrpsprsprsrpsprsprpsrpsrprsprsprspsprpsrpsrpsrpsrpsrppsrprsprsprprprprprpspspspprprspsrpprspsrprprsprsprpprpsrprspsrprsprspsrprsprspsrpprprspsrprsprpprsprpsrpsrprsprpsprprppsrprsprspprsprprpppspprsprsprsprspprprsprsprspsrpprsprsprpsrprspsprsssssssssss
24,ssssssssssssssssssssssssssssssssssssssssssssssssssssssssssssssssssssssssssssssssssssssssssssssssssssssssssssssssssssssssssssssssssssssssssssssssssssssssssssssssssssssssssssssssssssssssssssssssssssssssssssssssssssssssssssssssssssssssssssssssssssssssssssssssssssssssssssssssssssssssssssssssssssssssssss
25,psrpsprpsprpsprsprpsprpsprsprpsprpsprpsprpsprsprpsprpsprpsprpsprpsprpsprpsprpsrsprpsprpsprsprpsprpsprpsrpsprpsprpsprpsrpsprpsprpsprpsprpsrppsrpsprpsrpsprpsrpsprpsprpsprpsrpsprpsprpsrpsprpsprpsrpsprpsrppsrpsprpsrpsprpsrppsprpsrpsprsprpsprpsrppsrpsprpsrpsprpsprpsrpsrpsprprpprsprpsprpsrppsrpsprpsprpsrp
26,rprpprppsppsspspsprppsrrppppsrpsrrrrpsssssrrsprrppprpsrrsprprrpsrrpsssrssrppssrsspsrrsprprspppspsrsrrrrspssppsrrspsrsspssrsprspsrpprsppssspprprrsrprsrpprppprsrrspsrspspprssrrsprpprrprpsssrrsprrprrppppprsrsrpsprrpssppssssrsspsprrrssrrrrsrssrrppsssprpppssrrrpssprrrrsrrsrrrsprpprpsrppprsprprsprsprppsrs
27,rrprssrrsrrrpsspppsrrppsrssssssrrsssspspsprpspssspspsrsrsrssprpsrrppprrprrprpprprrrrrpppprpsppsrsrppprsssssrrpsspssrrrsprpspprpssspprrpsspsrprssrpprprrsrpsppsprsrprspprssrsrrrsssrsrprpsrpsspssspsspsrrspppprrppssssrrrssrssspspssrrssssrspsrrspsprssrsssrrrppspsssrprrrpprrssrprsssssprspsprrppprsrspsppss
28,spsspsrrpppssrrrssprrprpssprrrrprrsprsrpprrsrrssrprprspsppsrppsprsrssrpsrrsrppprspprspprrssrpssssrrsprsprprprrssspsspsprpsssrprpsprrpsprrppprprrssrprsppppprssrsprspppspssrrpspsprrrppsssppssrssrrrprprrrprsrssspssrprrsrpsprppspprsppssrpprrspssrssprsrsrrprsprsrppssrppsprssprrppspsrppssrprrsrppssprrsppp
29,spspppppssppsprrsrprssprssppprsrppspprsprpprsssssrrrprprrpsprppppspsrsrsprprrssrprssrprpsssrprsrpspssprrrrrprprpsppppprrrrrsspspppprsrpsprprrrsprssrssprpspssprrsssrssrrprsppsrsssprpssssrrrrrspsrprrrssprsprpssrpsrsppprsrprpsrpssrpprpsrrspppssrpsssprssrrrrppsrrrspssrsrpssrpppsssprrssppspssrspssrprpsps
30,rprsprsprsprsprsprspsrpsrpsrpsrpsrpsrpsrpsrpsrpsrpsrpsrprsprssrpsrpsrprspsrpsrpsrpsrpsrpsrpsrpsrprsprprspsrpsrprsprsprsprspsrprsprsprsprsprsprssrpsrprprprpsrprspsprspsrprsprsprsprsprsprrpprrsprsprspsrpsrpsrprprprsprpssrprpprrprprprsprsprsprsprsprsprsprspsrprsprsprsprprprprsprpsrpsrpsrprprprprsrpsprs
31,pprpsrrrpsrsrspsprssrprpspprppsspssprsspppsssrpprrsrsssrpprpspsrrssrrrsrpspsssrrsspsrsspsrsspssrrssppprssrrrpssrrrrssrrsrsprpsrpppsppsprpppprprpssprpsrsssrpspsrrrpprrrsppsssssrrsrrspprpspsssspprrpssrssrpspsrsrrprrpprprrspssrsssprsspsrsrrpssprpspspsprspprsrrsprsrsrsrpssrpprppsrrpsrsspsspsprppsrprssrp
32,pprprprprpspspprpsrpspssrpsprpsprpsrpsprpsprsprpsprpprprpsrprprprprpspsprrrrspspspsssppsprsprpsrppsprprpsprpsprpsprsprpsprpsprpsrppsrpsprpsprpsrpsprpsprpsprpsrpsprpsprpsrprprpprrpppprpprprprrppprrpprpsssrrsrsrsrrsrsrsrsrsrrsrsrsspspspprprprppsrpsrprprpspsprprspspsrpsrpsrpsrpsrpsrrpsrpsrpsrpsrpsrprsp
33,srpsrpsprsprpsrprsprsprpsrpsprpsrrrprprprprpprprppppppppppppppppppppppppppppppppppppppppppppppppppppppppppppprrrrrrrrrrrrrrrrrrrrrrrrrrrrrrrrrrrrrrrrrrrrrrrrrrrrrrrrrrrrrrrrrrrrrrrrrrrrrrrrrrrrrrrrrrrrrrrrrrrrrssssssssssssssssssssssssssssssssssssssssssssrrrrrrrrsprsprsprsprpsprsprpsrpsrpsprsprpsrpsp
34,srprspsrpsrprspsrppsrsprprspsrpsrprsprsprspsrprsprsprssssssssssssssrrrrrrrrprpsrpsprpsprpsprsprpsprpsrpsprpsprpsprpspprsprpsprpsprsprsprspsrpsrprspsprpsrpsrpsrppsrpsrpsrprspspprsprspsrpsrprspsrppsrpsrpsrprsprspprspsrprprprrpsrpsrpsprpppsrprspprpsprpspprpsppprppsprppsrpprppprspsrprsppsrppspsrprspsrps
35,rsprspsprrsprprprprprprpsprpssprsrpsrpprsprsprspsrprprpsrprpsrpsprprsprprpprpsprsppspsprpsrpsrpsprprpprprprsprspsrpsrpprsprsppssprpsrpsprrspsppprprprprpsppsspprprrrsrrsrprprprprspspspsppppsprsrpsprsprpsrprprprspsrpsprpsrpsrpspsrprsprspsrprspsrpsrpsrprprprprpspsrprsprspsrpsprspprsprpprprpsprrpspsrprs
36,rsprssprrprsppsssspssppspprrppssssrprprrrsssrrsrprpsssrssssrssrrrpspssrpprrrsrrrpsrrsrrrrpppsssrpsrsrsrppsssrpsppprsrpspssprprrpppppprssrrpssrssrrprssrsppprpprppsprssspprrsrprrsspprsppsprspppprrspspppppsrpsrrprsssrrssspppprprpspsrpssssppsrprppspssrrrrrrprrprsrsrrssrrrprpppsssrpsprsprsrrpsspprrrpppss
37,rpsprpsprsprsprsprpsrprspsrpsprsprsprspsprsprpsrpsrpspsrpsprpsrpsprsprpsrpsprsprpsrprsprspsrpsrpsrpssrpsrpsrpsrpsrpsprpsrppsrsprpsrpsrprspsrpsrpsrprsprsprpsrpsrpsprsprpsrpsprsprpsprsprpsprsprpsprsrprsprpsprsprpsprsprpsprsprpsprsprpsrpsprpsrpsprsprsprpsrpspspsprsprpspsrsprsprsprspprpsrpsrpsrpsrpspsrp
38,ppsrprrrpsrrrrspprssrssrprpssprsppsrpsspppssrssrpprrrrspppsppsprssprrssppsrsrsssprprrrprrpsppppssrprsrsspppppppprsprppppprrppppprrpssprrsprsrprpsssssprrrrpspsrsrrrrprsrprspppsrsrsrrpprpppppsssrrrprrspsppsrprsppsrspsrsprspssrpspsprssrsrpsrrspsssprspprrpppssprrrrsrpspssrrsssrpprprssppsprrsrrsrspsssssp
39,rrppsppprsssppsssrsrsssrsspprrrrpprprsssppsrsspppssssprrprsrrprrrsrsrsrrrsrpssrsrpssppssppprsspppsrrrrsprprprssssppsspprrpprrrpprsrprprrppprprrpprrpsrprrsrsppsspprsrsprrrppprpprssppssppsrsrrprpsrrssprsrpssrsssrpprsrppsssrssrprpppppsppspprpsppsppprpsrsppprsrsrsssrrpsssprpsrppssrprsrsrsprsrppsssspppss
40,prrpsprsprpsprpsrprpsrprpsrprpsrpsrprpsrpsprpsrprpsrpsprsprpsrprprpsprsprpsrpprprpsrpsprpsrpprprsprpsrprsprpsrpsprpspprsppsprpsrprprpsrpsprsprpsrpsrprsppsrprsprrrpsrsrppspsrprprpsrrsssprprspsprpsrprprpssrpspsrprpsrprprpsrpsprpsrpsprrpsprsprpsprpsrprpsrprpsrprpsrpsrprpsrpsprpsrprpsrpsprsprpsrprprpspr
41,rpspsprppsssssprsppprpppsprrsrrrsssssrppprsprrrrpsrpsrspspsspsrppppsrprspprrprrrrrrsrprrrpppsprrrpprrsrrpsprrpssppspspsrpppsssspprprrprpspprprsrrrrrprprspsrpsrprpsrsprssrsrsrrrrrprsrrrrsprrprpprpsrrpspssspprrrppssrprsspprsrrrsrspsprprrrpprpppspsrprppsprssrssrpppspsssrprpspssppprrsrsprrrpprrsrpssprps
42,rsrprsrprrsprrprsssssrrrsrppprrssrppssrrprsprsppsrrpsrssrrppssspprssspsprsrrsrrppprprsrrssrsprsrssprrppsprrpsrspprrsspssrsprrppsprprspsrsrprrrprsrrpsrrpsprrsrrpprrssprrpprrprppsrssrssrpspprpprsssspssprrpsrsspprprsrppsprspprssrsprrrsrrppprpsrrsprrpsrpsspprppprssrsrrprrssrrrrrprrpssprrsrpsssrrrprprsps
43,psprpsprpsprpsprprsprppsrppsrpprsprpsrppsrpspprpsrpppppppsprppsrprspsrpsrpsrpsrpsrpsrprprprpspprprprsppsprrpspsspprsrpsrppsrprprprpsprpsrprprpsprsrpsprprspsprpsprsprprsprprpsprpsprsprpsrrpprsprprprprprpppsppsrpsprpsrppspsrpprprsprpsprsprprpsrpsprpsprpsrppsrppsrprpsprprprpsprpsrpsprprprpprsprpsprpspr
44,ssspppspssspsrprppsprsppsprrsssspssprrppsprrsssssprrssrrrssrprrrssprrsspsrsrssrrprsrpprsrrsrrpsrrsrrspsrrrpppprppsrspppssprsprrssppsrrpsspssrrpprprppsrprpppspssrrsrpsrsrsrpsrrpsrpsppprprrspsrprsrprssspspprrpspsppppsrpssrprrrpssrrrrspssrsrrrppsspsppppprprpprprspprpppprppppsspsrppsprspsrsrrprsrrrpssrr
45,prsprsrsprsprpsrpsrsprsprsprpspspspsprprprprrprprprpspsprprpspsrpsprpspprpsrpssprpsrpsrpsrpsrspprpspspsrsrpprprpsrpsprpspspprpsrpsprsprpsrsrsrpspsprspprsprpsprspppprspppsrsrsprprsrpsprpsprppsrpsppprsprpsrpprsprpsrpsrspprprpsrsprrrprpsrprpsrprpsspspspsprprprpsprsprsrsprsprpsrpsrsprsprsprpspspspsprprp
46,srrsrsrsprsprpsprspsrpsrpsrpsrsprppprsrpsrpsrpsrsrsrpsrpsrpsrpsrprprprprrrrsrprspsrpsrsssrsprpsrpsrpsrpsrprsprsprpppsrrsrsprsprspsrsrsrsrsprsprspsrpsrpsrpsppprspsrsrrsrsrrrsssssrpsrprsprsrsrsrprrppppprprsrsrssrsrsrrsrsrsrpspsrprsprpsrpsrppsrsrsrsrsprsrsrrsrpsrprrssrpsrprprprrpsprsprpsrpsprspsrprprpr
47,sprsprpprsprpsrpspsrprsprpspsrsprpsprsppsrpsrpsprpsprsprpssprsprsprpspsrsrpsrsprspprspssprppsrpsprsprpsppsrprrprsppspsprpsrppsrpsprsppsprsprpsrpsrpspsprpsprpspsprspsprpsrsprprpsspspsprpssppsrpprpspspspsspprprspsrpsprppsrpsprrpsppsrppsrpsrprspspsrpprpspprspsprpsrpsprpsprspsprppsrprprspsrpprsprsprssrp
48,psppppssprprssrprrpspppssprrrpsprprsrpsppssppprrprrrsppsspprrrrrppppspssprspprrrpsrpprrppprpsrppsppprprsrssspsrsrrspspppsspsrssrpprsspprrprsrprsspsprpsrssrrspsprrrrrprsrpsrrppprrrsrrspprppprspsrppppppppprppprssrprsssrpssrrsrpsrpssssspspprrprrrpssssrsrrsrrrspprsrsrsssprpsppsppppsprrpsprpprrssrrspsrrp
49,sprsrsrrssprspsrsssrsssprrrprpssrpsrppprpssprssppsrrrpspspsrpsssrsssprppssrsrpppprprspprpppprsrrpsspsrprrsrrprpsppspsrpppsspprsssrppssssrrprrprrprsrpssrspsssprssspspssrprspssspssssssrspsppprrrpsrpppsrspspppsspprpspsprsrrrsrpsrrrrpspprrrspprsrrrrrprrrrrsrpprprsssrrpssssssrrprspprpprpsssppsprsrppprssr
50,rprsprsprsprsprsprsprsprsprsprprprspsrpsrpsrpsrpsrprsprspsrprsprsprsprsprsppprsprsprsprprsprspsrpsprrsprprprprprrprssprsprsprsprspprspsrprsrsprsprsprspprsrsprsprspsrprsprsprsprsprsprsprpsprrsrsprsprsprsprsprsprspsrpprsprsrpsrsprsprsprsprspsrprsprspprsprsprsppsrpsrpsrpsrpsprprsprspsppsrpsprpsrpsprpsp
51,sprrssspprprrprrsrrspspppprpssppprpsppspppsrrrsrrrrsrpsppppprrrrpsrrpspssppssrsssrsspprssrspssrprprsspsrsrpsprssrpsrrrrrrrrppsrprspspspprspspsprpsssrsrppssrpsprrrrsrprrprrprpssssrsrspsrrprprrpprrppsrpprsrsssrprsssrsrssprsrppspsspppprprprsssprspspprrrrrpppprprrrpssrssrsrsrsrssprpprprssrrpsssrrpsrrrpp
52,rpsrprsprpsrpsrpsprsprpsrppsprpsrpsrpsrpprsprpsrpsrprpsrpsprsprprppsrpsrprpsprprpsrpsprsrpsppsrpprprpsrpprpprpsrpsrpsprprprsprprprpsprprsprpsprpsprpsrrpsrpsrpsrpsprprppsprpsrrpsrprsprpsrpsrpsrprsprpsrpsrprsprpsprpsrpsprpssrpsrpsrsrpsprpsrprsprpsrpsrpsprsprpsrppsprpsrpsrpsrpprsprpsrpsrprpsrpsprsprprp
53,prpspsprpsrpspsrprpsrpsprsprpsprsprpsprpspspsprprspsprpsprpsrpsrpsprpsrpsprpsrpsprpsprprsprspsrprpsprsprpsprsprpsrpsprpsrpsppprsprpsprsprpsprsprpsprpsrprpsrprsprspspspsprpspprprspsprprpsprpsprpsprpsprprspsprpsprsprsprprpspsprprpsrpsprrpsprsprpsprsprpspspsrprpsrpsrprspspspsrprprpspsrrppssprprprspsrps
54,spssprppsppsrsrsrsrspssrsrpprpsppssrrrssrrssrspsrrsrrsrrsrssrssprpspsrrssrpprpsrpprrrppsrpsprpsrspsrsrrrpsprsrsrpsrrrrprppprrsspsrrssrpppprrrpprrsprrprrppssprppppppspsspprpppprrrrppprssrppprsrpssssrsrsssrssrrsssrpprspppprssssrspsrrpsspsssrprrrrppsssrppprrppppppsrsssprsppsspprsprssrsprprpsrppprrsrrps
55,prrppprpppprrsrsppssssspsprrsrrpsrssrsssrppssssspssprspssprsrspssppssssrspsssspspprprpprrrpppsppsprrssrsrprspprrssrrrrssrprpsrrppprpssrssrrsrprrsssrprsspssprpssssrrspsrrpppprprrsrspssprprpsrssppspsspprrrssspspspspprrsrpppssprsrssrsrprsrrprssrrrssppssrppssprrppspsrprsprppppssspsrspsprrpssrrrrsprsrssr
56,sssrrspssrprpspsrsprrsspppsssrpssrsppsssssrrppspppssrrrrsrpsprspsrpsspsspsrrppprrsprpspppsrrpprrspsrpppsrsrsppprpsspprrpsspprsrrpprrpppprpsrppssprprpprrsrpprpsrpsspppsssrsspsprrpsrrspsrprrrpprspprppsrprsrrrrprprprppssprssrrrrsrprprspsrsppspsrspsprssprpssrsprrspspssspsrssrpsprprrrrppppssprssrprsprprr
57,srprpsrppsrprpprrpsrprpsprprpprprppsprppspprsppppprpprprppsrprpsprpprppsrpppsprprppsrprprpppsprpsrpppsprpsppsprsprppsprrpspprpsrprpsrssssssssssrrrrprppsprpsprprpprpprpprpprpprpsppsrpprprpprprppprprpprprpsppsrprpspprsprpsrprpsrpsrprpprsprprprspprprprppsprprprpspspprpprpsprpsrrppsprpsrpsprprsrpprprprp
58,rrrrrrrrrrrrrrrrssssssssssssssrrrrrrrrrrrpsprpsprsprpsrpssprsprpsrsprsprrppppppppppppppppppppppppppppppppppppppppppppppppppppppppppppppppppppppppppppppppppppppppppppppppppppppppppppppppppppppppppppppppppsrpsrpsrpsprsprsprrpsrpsrpsprpsrpsprsprpsrpsrpsprsprsprpsrpsprspsssssssssssssssssssssssssssssssss
59,prpspprpprprppspsprprpsprprpsprprpsprprpsprprpsprprpsprpprpppspspsprprppspspspprprprpprrpsppprprpsprppsprprprppsprprprppspprprrppsprprprrppsprpprprppsrprprppsprprpsprprprpsprprprpspprpprprppspsprprpsprprpsprprpsprprpsprprpsprprpsprpprpppspspsprprppspspspprprprpprrpsppprprpsprppsprprprppsprprprppsppr
60,rsprpprsprpsrpsprsprspprsprsprpsrpsprpsrpsprpsrpsprpsprsprpsprpsprsprpsrpsprsprsprpsprpsprpppppsrpsrpprsprspsrpsrpsprpsrpspspppppsprpsrpsrpsprpppspspprsppspspspprppsprpsrpsprpsrpsprsprppsprsprspprspsrprspprsprsprspsppsrpsprprpspsrprsppsrprspprspspsppspspsprprspprpsrpsrpsrpsprpsrpsprpsrpsprsrppsrprsp
61,ppppspprprpsrrsprrprppsrsppsprppprspppsrsrssrsrspprrrrrpsprpsssprssppppspsrpssrsppssprspsrprsrrrsprrsrppsrprrsrpsppsrsrprspprppsssppsppsrssprpprsssprrsrrpsssrpprppssppprrpsrsspsrrpssrrrssrsrrpsspsssppppspspprrrpsrrpsrrrspsspprsrrpsppppprrpspsrrrrrprpsrppsprrpppsppspsprsppssrsprspsrsrrprrsrpssssppprr
62,rpssppssssprpprppprrsprsrrsspsrprrspsrpssrppsssrssprrprprsprsprsrprpppppprrppppppssssrsppprrrsrpsrsrrprprsrpprrssssrpsssrrrsprpsppssrsssrppsrprrrprssssprrsrspprprsrrrspppprprsspsppppprprsrsppsprrrppsprrrspppssppsrppspspsrsrppprrpsrsssprrrrrsrsrrspsrprrppppprrsprsrrpsrpssrrrrrrrpsspssrsrsprsssprrsrss
63,sprsppprpsssrpspsssrspspsrsssrrrpsrrpprspssrsprpspppssprspppsrsrppppppspsspssppsrrpspsssssrprrprsrrspssrpsrrsrsrssprrrprpprssrrppsssrrpssppsrssrsspppspssprspprrppsrsrppspssssrsprrsrrsrpssprppsrpsssssppprpssrpppssssprssspprssrspssrrrrssrsprpprrppssrpsprsssrprpsprpssrsrssrpsspsrrpprprsssrpprsrsspprsss
64,pssrsspssrrrsrsrrsrsprsprpsrsrssppsprpppsprrrsprpssppsrsrrssrsrspppsspssssrpsprrsspprssrrsssppspprrpsprsrprssrrsprrrrrrppsrsrprrrpssssrssrpspssprsssrrsrpprssppsrsrsrrssrpprpssrssprppsssspsrsprpppprrppprspsrpprsrrpsrrrrspsrprrppprpsrprrrspssppsprrpsprpprspppsprspspppppsprprrrrspsrsrpprprpppsrssrrrspp
65,prrpsrpprsprpsrpsrrprprpsrpsrprrrprprpsrpsprrpsrprpprpsrspsprprpsrpsrppsrpsrpsrpsrpspsrprpspsrprsrpsrpsprpsprprprprprsrprsprpsprpsrprspsrpsrppsrprspsrrpspprpsprsppprpsssprpsrpsrrrpspsrpsppsrpspsrprprprspsrpsrprprpsprspsrpsrsrpsrpsrpsrpsprprprprpprpspspppspspspssspsprprrpsrpprsprpsrpsrrprprpsrpsrprrr
66,ppspsrspprsrprpprppsspsprprrprpssrpprpprpssrpsspsrprspsprrrrrpprrrprppprrrsppsssrprrssrppppprprssssrsrrrsrrsppssrpprspppppppsssssppssspsrssrprpsssssrrspppspprrsppprrsrrpprspsspssspssspssppsprrrpsrrppsrrpprpppppsprspprsssrpprsrpsrssrrpprrprpprrpprrsppsprprrssrpsrpssssprsrsprspsrspsrsrrpprrrsprspspppp
67,sprsprspsrpsrpsrprsppsrprsppsrprpsrpsprpsrpsprprpspprrpsprsprpsprsprpspsrprsprspsrprspprsprpsrpsrprsppsrprsprspsrpsrpsrprspsrpsrprsprsppsrprspprspsrpprspprspsrprpppsprpsprspsprprprprssprprprpsrpsrsprsprpsrprpsprsprsrpsprpsrpsrpsprsprsprpsprsprsprpsprsprpsrpsrpsrpsrpsprsprsprpsrpsrpsprsprpsprpsprpspp
68,rsprspsrpsrprspsrprsprprprpspsrprpsprsprpsprpsrpsprsprpsrpsprpsrpsprsprprsprpsrpsprsprpsrpsprpsrpsprpsppspsprprprpsprpsrpsprprrprpsprsprpsrpsprpsrpsrpspsprpssprpsprsprpsrpsrpsprpsrpsprpsprpsprprpsprsprprprsprpsprsprsprpsrpsprpprsprpsprpsrpsrpsprpsprpsprsppsrpsprpsrpsprprpsrpsprpsrpsprpsrpsprpsprsprp
69,rrrsrspprspsrrsrsrsrpsrpppsrpsrpsrppsprppsrsprpsprpsprpsprpsprpsprpsprpspprppsrprspsprppprspprppsppprpsrpsrprssrprsppsprpsprpsrsrpsrprspsrpsrrsrsrssrrrpssssrprpsprpsrppsrpsprpsrpsrppsrpppsrsprsssrrrspsrppsrpsrppsrpsrpsrpprpsprpsprpsprpsprpsprpsppsrppsprpprprspspsrpsrpsprprpsrppsprprsppsrpsprsrrrsrsp
70,pprssrpsrpprpsrpsrpsrpsrpsrpsrpsrpsrpsrpsrprprprprspsrpsrpsrpsrpsrpsrpsrsprprspsrpsrsrpsprsprprssrppsrprprprpsprprpspsssprprprprpspsppsprpsrpprsprpsprspsrppprspprspspspprpspsrpprssrppsprsprpsrpsprpsrpsrpprspsrpsrpsrprsprspspspsrprprpprprprprpspspspsprprprprpsprpspprsprpsrprpspsrprprprsprspprsprpsprp
71,ppprsrrppsrrsppssrprsprpspsrrpsssssprspsrprspsrrpprssrspsprprsrrsprssrsrprspspsprsspsrrpsspsprpsrrrrrrsssssssrsssprsrspsrrrpsssrsspprrppsrsprprpprspssrsrrrrprsprrspppppspsrsrspppprpprssssrssrsrsprspsspssrprrpsprpppspsrpprpppppsrrspprppsrrsrsrrsrrrsrpprsppsspsrsrprprpssrppssrrrrrsrsprsprpprsrsspsrsps
72,rpsprprprpsrrpspsprprprpspprprpspspsprprppspprprprpspspprrppprpsspprprrpspprprprppspprpprppsprpprprppsprprprpspprprppsprprpspprprpprrppspprprpspprprprrpsrrsrrppprrprrpsrpsprprsrprpsrprpsrprpprprpspsprprprprpsprprpspsprprprspsprprprpsprpprpsprprpsprprprpsrrpspsprprprpspprprpspspsprprppspprprprpspsppr
73,rprpsprsprppsrpsprpsprpspppssssrrsrsrsrpsprpsprpsrpsprpsrpsrpsprsprpsrpsprsprrrprprrpprprpsprsprsprpsrpsrpsprpsrpsrpsrpsprsprpsrprrrprpsprpsrpsrsrsrssrprprrpprpprprpprprsprprrprpsprsprppsrpsprpsprpspppssssrrsrsrsrpsprpsprpsrpsprpsrpsrpsprsprpsrpsprsprrrprprrpprprpsprsprsprpsrpsrpsprpsrpsrpsrpsprsprp
74,rprsprprpsprpsprrssrpsprpsprppspprprrsrsprpspsrssprprpsrssprprprprprpprprsrrrrrrssprpppprprprpspprprprpsprppsrsrsprppsrsrssprprprprpprsrsrsrsrrsrsrpprrsprprprprprsrsprppsrrpprrsprprprrsrsrsrrprprprprsrsrsrsrrsrsrrpprprprprpsrsrsrspprrsprpsprpsprprpsprppsrsrsprpprrrprsprprpsprpsprrssrpsprpsprppspprpr
75,rrrrrprpspspspspspsprpsrprsrpsprrrprprppppppspspsssprpspsprpsrpsprsrprpsprsprsprprprpspspspspspspsprrrrrspspspssssppppspspspsppspspspsrrrrrrrrprpspspspspspsprpsrprsrpsprrrprprppppppspspsssprpspsprpsrpsprsrprpsprsprsprprprpspspspspspspsprrrrrspspspssssppppspspspsppspspspsrrrrrrrrprpspspspspspsprpsrpr
76,spsspprprrpspprprrppprpsprprppprsppprssssrrpsprpspppsrprprpspprprspprpsppsssprprrpssssprpprrpspsrprspprpspsspsprprprprprppppppspppspsprpssrrrsrpspsprrsprpsprpspsrppsrpspprpprpprprprprpspsrpsrpsrprsrsrprrpsrprprprpsprpsprprpsrpsprpsrpsprrrpspspssprprppsppsprprppspsspprprrpspprprrppprpsprprppprsppprss
77,rrrrrrrrrrrrrrrrrrrrrrrrrrrrrrrrrrrrrrrrrrrrrrrrrrrrrrrrrrrrrrrrrrrrrrrrrrrrrrrrrrrrrrrrrrrrrrrrrrrrrrrrrrrrrrrrrrrrrrrrrrrrrrrrrrrrrrrrrrrrrrrrrrrrrrrrrrrrrrrrrrrrrrrrrrrrrrrrrrrrrrrrrrrrrrrrrrrrrrrrrrrrrrrrrrrrrrrrrrrrrrrrrrrrrrrrrrrrrrrrrrrrrrrrrrrrrrrrrrrrrrrrrrrrrrrrrrrrrrrrrrrrrrrrrrrrrrrrrrrr
78,sprsprpsrpsprpsrpprsprsprpsprsprpsrpsprpsrpsprsprpsprsrpsprpsrpsprsprsprpsprsprpsprsprpsprpsrpsprsprpsprsprpsprpsrpsprsprpsprpsprpsrpspprsprsprpsprsprpsprsprpppspsprpspspspspsssssrrprprprprsppsrpsprpsrpsppsppsprrpppspssrppsprpspsprsprpsprpsrpsprsprpspsprpsrpsprprspspspspspspspsprrprpspsprpsprsprpspr
79,ssssssrpsrrsrppssspsppprrssppsrrpppsprprrrsrrprsspsssrpssppsrrpsrpppprrpsrsrrrsrsppsppprrsppspsrrpsprrprrspprpssrprppsrpssprsrrspprrpsprpsrrpsppsrppspsssrpppppprppsppprpprsssrrrppprrsrrrprprssssrrprrrppspprprrpsprrrrrrrsspprprrrrrrrpsrpssprrpprprpsprpsprsprsrrrsssspsprsrssppprrspsrssrpsssprspsrsppss
80,spsssrprrrppsppsrrppssrrpprsssspssrppprrssrpsrsrrpssrrppprpppsrpprsrppprrprprpspssrrrsrsprpprrspspspprsrrsssssrrsrprrsrpsprsppsrrrprsrrpsrrpprprsssprprssrrspssrssrpprrrspsrrspssppprrrpppssppprpsrpsrsrpprrsrsrsrpprsrrsrpprspsssrpprssspssrsrpspsppsssrprpsrprsrsrsrrsrsssrspprrrrpsrpprppssprssrrpsrppppp
81,sprsprsprprsprsprsprpsrpsprsprpsrprrrsrsrsrsrsrpsrpsrpsrpsprpsrpsrpsrpsrsprpsrsprrpsrpsprsprsprsprpspsrpspsrrsppsrsprrsprspsprsrprspsrpsrpsrpsrpsprpsrrsprsprprprsprpsrpsrprpsprsprsprsprpspprsprsppsprsprpsrrspsrpsprprsprspprprsprpspsrprspsrprspprpsrprspsrprspsrprspsrprspsrpsrpsrpspspsrrspsprsprsprspr
82,pppprrsrsrpppspprssspsrrsrrsprsrrpprprpsssrpssppsprppprsprrpsspprrrpsrssrrprsprprssrrrprrsprrrpspppsprprrspppsspppsrrppsppprsrsspsrrssrppsppppprppsrssrpppssprsrrrsrrpsrrrrpsppsspprssrprprprsrprrssppppsrprrpprpprrspsrrrppssrprrrpsrspprppspsppspprrsrprrprpspppprssspssrrsrspsprprsrrppppprprpprrprprpsrr
83,rpsrpsrpsrpsrpsrpsrpsrpsrpsrpsrpsprpsprsprpsrsprsprsprsprpsrsprpsrpsrpsrpsprprsprpsrpsrrpsrpsrpsprpsrpsrpsprppspsrpsppsrpsrpsprsprpsrpsrpsprsprpsrprsprpsrpsprpspsprsprpsrpsrpsrpsrpsrpsprsprsprpsrpspsprsprpspsprpsprspprsprrsprprpsrprsprsrpsprpsrpsrpsprpsrpsprpsprprpsprpsrpsrprpsprpsrprpsrpsprsprpsrpr
84,srpsprpsprpsrpsprppsrpsprpsrpsprpsprpsrpsprpsrpsprpspsprpsprpsrppsprpsrpsprpsrppsrpsprpsrppsprpsprsprppspsprpsrpsprpsrpsrpsppsrprspsrprspsprpsrpsrpsrprsprspsprpsrpsprpsrpsprpsrpsrpsprpsprsprppsrpsprprpsrppsrpsprsprpsrpsprpsrpsprppsrppsprpsrpsprpsprpsprppsrppsrpsprpsprpsprpsrppsrpsprpsprpsprpsprpsprp
85,psrpspspprprpspspsprprprsppsprprsppsprsprpsrspsprsppspspsrprsppspprpsrprpspspsprspsppspspspprpsrpspsrpspprsppsprprprpsprprpspsprpsppppspspsprsrsprppsspspsprspprprsppsrpsprpsprsprspprsprprpsprsprpspprspsprspprsprsprpsprsprprpsrpsprsprsprpsprsprpspsrpsrpsprpsprpprsprpsprspprsprspprspsprpsprpsppspsprps
86,srprrsrrpsrsrrsprrrsppppsppprssrprrpppsprrsrrrprsrprpspsrspsprrspppsrsssrsssrrspsrsprppsrsrsrprpsssspppsprsrpppsrrprrrrprpppspprrpprspspssrsssspssppsprrspssssrpsrsrrsssprrssrrsprssrsspsssprpprppprppspsprrprsrsrppssprrrppssrrpprrsprrrprsrsrspspsprrsrpsrsrsrpprppsrpsrpssppspsprsssrrspppsrsprrrprpsprss
87,pssrprppsrrrprrpprsrpprprpprspsrspprssrpsrspprsrssrsrprrpsrppppspprrpsprsssrprprrrrprsrsprpsssprpssrssrssprrpsssspsrprrsrrssrpssrrppsssssprrrspsrprrpprpppsrsrsrrprrpsppsrrrsprrrrpspppprrrrsssssrrprsprrprspsrssrrrrsprrppssprrrsrrpprrrprpprsspssrrpspssrspprsprrsrssrrrrssprpsrsrpprrpsrprrrpprsrrprsssps
88,psrpsprsprsprpsrpsrpsprsrpprsprrsprsprpsrpsrpsprsprsprpsrpsprsprpsrpsrpsprsprpsrpsprpsrpsrrpsrpsprsprsprpsprsrsprpsrpsrpsprpsrpsrpsprsprpsprsprpsrpsprpsrpsrpsprsprsprpsrsprpsprsprpsprsprpsprpsrpsprsprpsprsprpsrpsprpsrpsprpsprsprsprpsprpsrpsrppsrpsprpsprpsprsprpsrpsrpsprpsrsrsprpsprpsprprpsrpsrpspprp
89,pppsrrrrpprsprrprrsppsrrrsrprpsprprrrprpprpprrsprprrprrprrrppprpsppssprsrprrsprpsspssrsrpssrsrspprspppppsrsrrssssrrrpprrrspsrspssrspsppsrsrprpsrrsspsrprpsssprppsrspppprrssppsprpsprrpsrsssprrpprpprspprpssrspsssrsrsspprppppssrsspppsrprsrsrrpsrspssrrpppssssspprrpprppprsrspspsrrprpsrpprsprsrspprsssprpsr
90,psrrrpprssspspprsrrrrprprprprpprprrppppspspsrprsrprrrrsrspppprrrppprrrrrprspsppsspssrpppssprpsrspprsprpsrpppssrppsssppspprpsssrspsprrssrssrpsrprssppprsppssrpsssspsspsrrrspsprspssrsppprprrppsprpprpsssssrrrprrpprppspprsppsppsppprrsrrpssprsrppsssrpprpprsrrpsrpsrrsrppsprssspsprspsrrsprrssprpprpprsrsrrsr
91,rpprssssprsssrppssrprprpspsprpsrrspssspsrspsrpssspspprsprssrprprrprrrpspprsppsrsppppsprrspprprsrpppprsssrsrspspssrpssrsrrrrrpprppsprpsrppsprpsrrsssrrppsprpsrsrrpppprrrrppsppssrsspssrpspssspppppsssrsprsspsprrrrrrprsrspsrssssrpprprrprssrrprsrsrssrpsrrpsppprpprprsppsrprppssprsppsrrprrrssssprprrrppprrsr
92,psrpsprpsrpsprpsrpsprpsrpsprsprpsprsprsprpsrpsprpsprsprpsprsprpsrpsprsprpsprsprpsrpsprpsrpsprpsprpsprpsrpsprpsprpsprpsprsprpsprpsrpsprpsprpsprsprpsprpsrpsprpsprpsrpsprsprpsprpsprsprpsprsprprsprrprsprrprsprppsprpsprpsprpsprsprpsprpsprpsprpsprpsrpsprpsprpsprpsprspprsprpspprspprsprppsprpsprpsprppsprspp
93,sprpsrpsrpspsrprsprpsrpsprsprsrpsrpsprsprsprpsprsprpsrpsprpsrpsprsprpsrpsprpsprsprpspsppspspsprprpsrprprprprprpsprprpspsprsprsprpprpsprsprpsprpsrpsprpsrpsprpsrpsprspsrprsprpsprpsprpsrpsprpsprpspsrpspppppspsssprprprprprspsppspsprprpsprpsrprpsrpsrpsrpsprsprsprpsrpsrpsprpsrpsrppspprpsrpsprsprpsprpsprps
94,sprpsprsprpsrsprpsrpsrpsrpsprsprpsrpsprsprsprsprsprsprpsrpsrpsrpsrpsprsprsprpsrpsrprpsrsppsrpsprsprsprpsrpsrprsprssprsprpsrpsprpsrpsrprpspsrpsrprspsrprspsprsppsrpsrpsrprsprspsrpsrprspsrppsrpsrprspsrpsrprspsrppsrpsprsprsprspspsprsppsrprspsrpprspsrpsrpprspsrpsrpsrpsrpsrppsrpsrpsrpsrpsrpsrpsrppsrpsrpsr
95,rspssrrssssrrsrrprssrprrrrrprprprrpsrrrspssssprppsspppsprsrsrpssssrsrpssppsprrpsssrrsrprrprprsrpsprpprrrsppsrpssrrrsprsssprrppssrrppppppppsssssrpssssssrssspsrpprrsprrpssrsprpsrsspsrpsprpsprssppspspsprprrrrpsrsssssspssprsppsrppprrrrsrrssssssrrsppsprrprrsrssprsprrprsspspsprpsrpppsprrppspsrrrpsrpsprsrs
96,pssrspppspppprrprrpssprprspprrrssrprssrssprrpsprrsrsspsrspsrrpsppppsprsrrspssspsrspsrrppsrpsrssssrrpssrspssprspspppssrrsssspspspsrppsrsrrssrsrpsprpsrsrsrssrpssrrpssrpsppsrprrsrsprrppsrppsrsrrpprsrpprrrsrrppprppssrprrprssrpprpsrpsrrrssrrrspsrrprprsppppsrrrrrsrpsrppsrpspppsrpprrpssrspsrrrrprssrsrprpsr
97,psrsprsprsrpsrprspsrpsrpsrpsrpsrpsrpsrpsrpsrpsrpsrpsrpsrpsrpsrpsrpsrpsrpsrpsrpsrpsrpspsprpspsrpsrpsrpsrpsrppppppppppsrpsrprspssrrrrrrrrrrrrrrrrrrrrrrrrrrrrrpsrpsrpsrpsrpsrpsprsprsrpsprpsprsprsprpsprsprsprpsprprprpsprrpsrpsrpsprpprppsrpsrpsrpsprprsprrpprrpprrpssrprprspsrpsrprspsrpsrpsrprspsrpsrpsrpsr
98,rssssprssrrrsprspsrsprpsprrpppsrrrrsspsssssspssspspspsrsppprrprpsprprrssprpsrrsrspssrspprsrpspsrrssrrprprspsppsprsrsprppprrrprspssprrpprsppsprssrsspssssrrrrrsppsppspprppspppsspprrrprssppprppsprsssrspspprsrprppspssrpsssppspprsrrrrpssrpsssrrrprsrrssppsrrsrspspsrpprrsssrsspsrsprrrrprspprspsssrsspprsrpr
99,rprsspspprrprpsspprppssrsrsrsprpssspsppprsssrrsrpssrsppssssrsspsrpssrsrsprprrrprsrspsppssssrrprpsppsrpsssrpprrrrrpsrrprrssrsssrspsprprprpsrsprsppspprsssprprrpprrrrpprppsssssssrsprpppssppspsssspppsrssppssrprprrpsrrpsrsrprrsppspprppsprpppppppsrrrpprsppprsrrrsrssrrsrprsrrspprrprprrprrsrrsppspppsssrppps
100,rsprsprsprsprsprpsrsprpsrpsrpsprsprsprsprsprsprsprsprsprpsrpsrpsprsprsprpsrpsrpprsrpsprsprsprpsrpsprsprsprsprpsrpsrpsrpsprsppsrrsprspsrprpsprspsrprsrpsrprsprsprsprspsrpsrsprsrpsprrspsrprspsrpsrprsprsprsprsprsrpsrprsprpsrspprssrpsrpsrpsrprpsrpsrpsrpsrpprsrpspprsrprpprpssssprprrprprrpppspsprprprprpssp
101,rsrpprrprpprrsrsprrssrsppspsprprsspsssrpsrprrrssrspppspssrrrrsssrsrsrsrspppsppprprrssppprrprrrpspprppsppprrsrppssprrrsprpsrrsrpssrrppprsssspsrrsrpsrssrsprrprssrrspsprrrrpssprsppppsprssspsrppsppprrrrrrrprrrrssrssprsrpspsrsrrrssspsppppprrpssrssrprsssspspppsrssrpssprpspsrrppssspprprprsprrprrssrsppppsrs
102,prsprpsrpspsrpsprpprprpsrpprssprpprsprspprsprsprsrpprsprsprsprsprpsspsrprpssrprspsrprpsprprsrpspsrprsrpsprpsrsprprsprpssrpprsprsprspsrsrppsrpsrprsprpsrprpsppsrpsprsprpprsprsprsprpsrpsprpsrprpprpsprsprpsrprprpsrprsprspsrpsrprpsrpsprprssprpsrpsprpssprpsrpsrsprprrspsrpsprprsrspsprsprprprpsprsprsprsprss
103,prspsssrspppssrsrprrrrpspsspppsrppspsspsrrprrprprppsrpsprsrrrppssppspppppprrrrpsspprprsppprrrsrprsspsrpspssrpssrrssrprppsrpsrpppsppprrpssppppsspsspprsspssrsprsppprpsrrspssprsrrprssprrsrssrrsrrssrsrsrppssspsrssrsprprsrssprrppppprsrprpppsrssprsrprsrsrprrrpsrspsrpsrsrpprsrppsspssppssppppssppspppprsppsp
104,prsprsrsprsprsprsprsprsrpsrsprsprsprsprsprsprsprsprsprsprsprsrpprpsrpsrprsprsprpsrpsrpsrpsrpsrpsrpsrpsrpsrpsprpsrsprsrpsrpsrpsrpsrpsrpsrprspsrsprsrpsrpsrpsrpsrprsprsprsrspsrprsprsprsprrrprprprrprprprprprrprprpssspspspspspspspspsspspspspspspspsspspspspsspspsprrprprprprprrprprprprprprprrprprprprprprpr
105,rsprpsprsprpsprsprpsrpsrpsrpsprsprpsrpsprssprpsrpssprsprpsrpsprsprsprpsrpsprsprpsrpsprsprsprpsrpssprspsprpsrsprsprsprsprpsrsprsprppsrsprpsrpsrpsrprsprpssprsprpsrpsrpsrprsprspsrpsrpsprprprssprpsprrpspsrrpssprpsrpsrsrpsrpsrrpsrsprpsrpsrpsrpsrpsrpsrpsrpsrpsrpsrpsrpsrpsrpsrpsrpsrpsrpsrprpsrpsrpsrprspspr
106,sssssrpsprpsprpsrpsprpsprpsprsprpsprpsprpspspsspspspspspspspspspspsprprprprspsprpsprpsprpsppsspsprpsprprpsppssspspspsprspprrprpspsprprpspspsspspspspsprpsprpsprpsprpsprsprpsprpsprprprrprprprpsssssssssrpsprpsprpsrpsprpsprpsprsprpsprpsprpspspsspspspspspspspspspspsprprprprspsprpsprpsprpsppsspsprpsprprps
107,psrpsprpsrpsprsprpsrpsrpsprpsprsprpsrpsprsprpsprsprpsrpsprpsrpsprsprpsrpsprpsrpsprpsrpsprpsrpsrpsprpsprsprpsrpsprpsrpsprpsprsprpsprsprpsprpsrpsprpsprsprpsprpsprsprpsrpsprpsprpsprpsrpsprpsprpsprpsrpsprpsprpsrpsprpsprppsrpsprpsprpsrpsprpsprpsprsprpsprpsprpsprpsppsrpsrspprspsprsprssprpsrpsrpsprsprsprsp
108,prsprsprsprpsrprsprsprspsrprsprsprsprsprsprsprsprspsrprspsrprspsrpsrpsrpprspsrsprprsprpsrpsrprspsrprsprspsrpsrpsrpsrpsrpsrprspspsrprpsrprsprsprspspsrpsprprspsrpsrprsprspsrprsprspprspsrprspsrpsrprsprsprspsrpsrpsppsrpsprpsrpsppspprprsppspsrprspsrpsrpsppspspsprpspsrppspspsrpsrpsppspspppspsrprspsprprpsr
